{
  "characters": [
    {
      "id": 1,
      "name": "Humano",
      "avatar": "http://localhost:3000/images/humano.jpg",
      "damage": [
        "6d6",
        "2d10",
        "1d20"
      ],
      "critic": 10,
      "defense": 10,
      "vitality": 250
    },
    {
      "id": 2,
      "name": "Enano",
      "avatar": "http://localhost:3000/images/enano.jpg",
      "damage": [
        "8d4",
        "3d10"
      ],
      "critic": 9,
      "defense": 15,
      "vitality": 325
    },
    {
      "id": 3,
      "name": "Licántropo",
      "avatar": "http://localhost:3000/images/licantropo.jpg",
      "damage": [
        "4d10",
        "2d20"
      ],
      "critic": 10,
      "defense": 4,
      "vitality": 250
    },
    {
      "id": 1,
      "name": "Orco",
      "avatar": "http://localhost:3000/images/orco.jpg",
      "damage": [
        "3d20"
      ],
      "critic": 15,
      "defense": 12,
      "vitality": 300
    },
    {
      "id": 1,
      "name": "Elfo",
      "avatar": "http://localhost:3000/images/elfo.jpg",
      "damage": [
        "12d6"
      ],
      "critic": 6,
      "defense": 8,
      "vitality": 225
    }
  ]
}
